AD_Org_ID[Name],Value,Name,ZZNqfLevel,ZZCredits,Registrationstartdate,Registrationenddate,ZZQualityAssuranceBody,ZZSkillsProgrammeType,ZZQualification_ID[Value],ZZAetLevel,ZZLkpOfoOccupation_ID[Value],ZZMinimumElectiveCredits,IsActive
*,MQA/SP/0002/03,Skills Programme: Secondary Blasting Operations for Underground Hard Rock Tabular,,50,2007-01-01 00:00:00.000,2010-01-01 00:00:00.000,,1,,,,4,Y
*,MQA/SP/0012/03,Skills Programme: Secondary Blasting Operations for Underground Hard Rock Massive ,,77,2003-12-12 00:00:00.000,2006-12-12 00:00:00.000,,1,,,,1,Y
*,MQA/SP/0013/03,Skills Programme: Basic construction materials testing,,29,2018-07-01 00:00:00.000,2026-06-30 23:59:59.000,,1,,,2021-711101,2,Y
*,MQA/SP/0014/03,Skills Programme: Competent Person A:  To examination and declaring a workplace safe in surface mining operations (Surface Mining Operations),,13,2003-12-12 00:00:00.000,2010-03-03 00:00:00.000,,1,,,,0,Y
*,MQA/SP/0015/03,"Skills Programme: The examination,making safe and declaring safe of blasted quarries, dumps and stockpiles",,30,2003-12-12 00:00:00.000,2010-08-12 00:00:00.000,,1,,,,0,Y
*,MQA/SP/0016/04,"Skills Programme: Transportation of men, material and ore to and from an underground workplace (Onsetter)",,27,2003-10-28 00:00:00.000,2010-05-31 00:00:00.000,,1,,,,2,Y
*,MQA/SP/0022/05,Skills Programme: Dozing Operations,,128,2004-03-11 00:00:00.000,2007-03-11 00:00:00.000,,1,,,,46,Y
*,MQA/SP/0024/05,Skills Programme: Excavating Operations,,84,2004-03-11 00:00:00.000,2007-03-11 00:00:00.000,,1,,,,2,Y
*,MQA/SP/0018/05,Skills Programme: Haul and Dump Operations,,68,2004-10-23 00:00:00.000,2007-10-23 00:00:00.000,,1,,,,10,Y
*,MQA/SP/0021/05,Skills Programme: Drilling Operations,,70,2004-03-11 00:00:00.000,2007-03-11 00:00:00.000,,1,,,,6,Y
*,MQA/SP/0020/05,Skills Programme: Handling of Explosives in Quarries,,11,2004-01-08 00:00:00.000,2009-11-17 00:00:00.000,,1,,,,0,Y
*,MQA/SP/0019/05,Skills Programme: The Management of Explosives Magazines on Mines and Quarries,,14,2003-10-03 00:00:00.000,2006-10-03 00:00:00.000,,1,,,,4,Y
*,MQA/SP/0023/04,Skillls Programme: Manufacture Indiginous Jewellery,,24,2018-07-01 00:00:00.000,2026-06-30 23:59:59.000,,1,,,2021-712102,0,Y
*,MQA/SP/0003/04,Skills Programme: Competent Person A: To examine and declare a working place safe (Underground Hard Rock Narrow Tabular) V2,,25,2007-01-01 00:00:00.000,2024-07-30 23:59:59.000,,1,,,,0,Y
*,MQA/SP/0001/03,"Skills Programme: Competent Person B: The Installation,Maintanance and Removal Support 1.7 (Underground Hard Rock Operations)-Underground Hard Rock  Narrow Tabular (Massive)",,24,2007-01-01 00:00:00.000,2010-01-01 00:00:00.000,,1,,,,8,Y
*,MQA/SP/0004/03,Skills Programme: Competent Person A: To examine and declare a working place safe (Underground Hard Rock Massive) V2,,22,2007-01-01 00:00:00.000,2010-01-01 00:00:00.000,,1,,,,3,Y
*,MQA/SP/0027/05,Skills Programme: Scrubbing and Screening (Version 1),,17,2005-06-22 00:00:00.000,2008-06-22 00:00:00.000,,1,,,,2,Y
*,MQA/SP/0028/05,Skills Programme: Dense Medium Separation (Version 1),,14,2005-06-22 00:00:00.000,2008-06-22 00:00:00.000,,1,,,,2,Y
*,MQA/SP/0029/05,Skills Programme: Ore Reception,,8,2005-06-22 00:00:00.000,2008-06-22 00:00:00.000,,1,,,,1,Y
*,MQA/SP/0030/05,Skills Programme: Crushing (Version 1),,12,2005-06-22 00:00:00.000,2009-07-22 00:00:00.000,,1,,,,4,Y
*,MQA/SP/0025/05,Skills Programme: Determine the Physical Properties of a Coal Sample in a Laboratory,,29,2005-09-02 00:00:00.000,2026-06-30 23:59:59.000,,1,,,,0,Y
*,MQA/SP/0031/05,SkillsProgramme: Primary Sample Preparation in an analytical laboratory (Analytical Services),,23,2005-09-02 00:00:00.000,2008-09-02 00:00:00.000,,1,,,,0,Y
*,MQA/SP/0035/05,Skills Programme: Secondary Sample Preparation in and Analytical Laboratory (Analytical Services),,18,2005-09-02 00:00:00.000,2008-09-02 00:00:00.000,,1,,,,0,Y
*,MQA/SP/0032/05,Skills Programme: The Separation of Precious Metals by Means of the Fire Assay Technique ,,34,2005-09-02 00:00:00.000,2008-09-02 00:00:00.000,,1,,,,2,Y
*,MQA/SP/0038/05,Skills Programme: Tube Set Gemstones into Jewellery,,17,2018-07-01 00:00:00.000,2026-06-30 23:59:59.000,,1,,,,0,Y
*,MQA/SP/0039/05,Skills Programme: Channel Set Gemstones into Jewellery,,20,2018-07-01 00:00:00.000,2026-06-30 23:59:59.000,,1,,,,0,Y
*,MQA/SP/0040/05,Skills Programme: Pave Set Gemstones into Jewellery,,34,2018-07-01 00:00:00.000,2026-06-30 23:59:59.000,,1,,,,17,Y
*,MQA/SP/0041/05,Skills Programme: Gas Testing Operations in Underground Coal Mines,,42,2005-10-07 00:00:00.000,2008-10-07 00:00:00.000,,1,,,,0,Y
*,MQA/SP/0005/05,Skills Programme: Competent Person A: To examine and declare a working place safe (Underground Coal Longwall Mining) V2,,22,2018-07-01 00:00:00.000,2020-09-25 00:00:00.000,,1,,,2021-711101,0,Y
*,MQA/SP/0006/05,Skills Programme: To examine and declare a working place safe for the purpose of regulation 1.1 (Underground Coal Conventional Mining) V2,,28,2005-10-19 00:00:00.000,2008-10-19 00:00:00.000,,1,,,,4,Y
*,MQA/SP/0007/05,Skills Programme: Competent Person A: To examine and declare a working place safe (Underground Coal Continuous Mining) V2,,24,2018-07-01 00:00:00.000,2020-09-25 00:00:00.000,,1,,,2021-711101,0,Y
*,MQA/SP/0011/05,"Skills Programme: Competent Person B: To install, maintain and remove any support unit in Underground Coal Mining Operations - Timber Support V3",,23,2018-07-01 00:00:00.000,2024-07-30 23:59:59.000,,1,,,2021-711101,3,Y
*,MQA/SP/0017/05,"Skills Programme: Competent Person B: To install, maintain and remove any support in Underground Coal Mining Operations - Roofbolter Machine Support  V3",,18,2018-07-01 00:00:00.000,2024-06-30 00:00:00.000,,1,,,2021-711101,3,Y
*,MQA/SP/0008(C)/05,"Skills Programme: Competent Person B: To install, maintain and remove any support in Underground Coal Mining Operations - Compressed Air / Hydraulic Support V3",,17,2018-07-01 00:00:00.000,2024-07-30 23:59:59.000,,1,,,2021-711101,2,Y
*,MQA/SP/0044/06,Skills Programme: Conduct Occupational Health and Safety Representative activities in the Mining and Minerals Sector,,13,2006-06-12 00:00:00.000,2009-06-12 00:00:00.000,,1,,,,2,Y
*,MQA/SP/0045/06,Skills Programme: Operate a Small-Scale Surface Mine,,67,2006-07-31 00:00:00.000,2009-12-31 00:00:00.000,,1,,,,0,Y
*,MQA/SP/0046/06,"Skills Programme: Competent Person B: The Installation, Maintenance and Removal of Support Units in Surface Mines",,20,2006-09-05 00:00:00.000,2009-09-05 00:00:00.000,,1,,,,0,Y
*,MQA/SP/0047/06,Skills Programme: Intermediate Generic Management,,49,2006-10-06 00:00:00.000,2009-10-06 00:00:00.000,,1,,,,9,Y
*,MQA/SP/0048/06,Skills Programme: Advanced Generic Management,,63,2006-10-06 00:00:00.000,2009-10-06 00:00:00.000,,1,,,,9,Y
*,MQA/SP/0050/06,Skills Programme: Adsorption of Gold onto Activated Carbon (CIP/CIL/CIS Processes (Version 1),,16,2006-11-03 00:00:00.000,2009-11-03 00:00:00.000,,1,,,,2,Y
*,MQA/SP/0051/06,Skills Programme: Handling of Chemicals (Version 1),,7,2006-11-06 00:00:00.000,2009-11-06 00:00:00.000,,1,,,,4,Y
*,MQA/SP/0052/06,Skills Programme: Milling of Material,,19,2006-11-06 00:00:00.000,2015-06-30 00:00:00.000,,1,,,,8,Y
*,MQA/SP/0053/06,Skills Programme: Slimes Reclamation (Version 1),,15,2018-07-01 00:00:00.000,2024-06-30 00:00:00.000,,1,,,2021-711201,2,Y
*,MQA/SP/0054/06,Skills Programme: Solvent Extraction (Version 1),,21,2006-11-06 00:00:00.000,2009-07-08 00:00:00.000,,1,,,,2,Y
*,MQA/SP/0055/06,Skills Programme: Packing Plant Unitising Operations,,35,2006-11-17 00:00:00.000,2009-11-17 00:00:00.000,,1,,,,9,Y
*,MQA/SP/0056/06,Skills Programme: Tanker-Based Bulk Materials Loading,,64,2006-11-17 00:00:00.000,2009-11-17 00:00:00.000,,1,,,,23,Y
*,MQA/SP/0042/07,Skills Programme: Blasting Assistant in Surface Mining V3,,19,2007-06-11 00:00:00.000,2025-06-30 23:59:59.000,,1,,,,2,Y
*,MQA/SP/0043/05,Skills Programme: Blasting Assistant Operations in Underground Coal Mines V3,,31,2018-07-01 00:00:00.000,2026-06-30 23:59:59.000,,1,,,2021-711101,0,Y
*,MQA/SP/0057/07,Skills Programme: Generic Engineering,,62,2007-06-13 00:00:00.000,2010-09-13 00:00:00.000,,1,,,,0,Y
*,MQA/SP/0058/07,Skills Programme: Monitor and Operate Plant and Equipment,,41,2007-07-30 00:00:00.000,2010-07-30 00:00:00.000,,1,,,,15,Y
*,MQA/SP/0059/07,Skills Programme: Basic Generic Supervision,,28,2007-07-30 00:00:00.000,2010-02-28 00:00:00.000,,1,,,,0,Y
*,MQA/SP/0060/07,"Skills Programme: Occupational Health and Safety, Environment and Quality (Basic)",,20,2007-07-30 00:00:00.000,2015-06-30 00:00:00.000,,1,,,,6,Y
*,MQA/SP/0064/07,Skills Programme: Blasting Assistant within Underground Hard Rock V4,,23,2018-07-01 00:00:00.000,2026-06-30 23:59:59.000,,1,,,2021-711101,3,Y
*,MQA/SP/0063/07,Skills Programme: Competent person A: The examination and Declaring safe of a Workplace in Underground Hard Rock Operations (V4),,28,2018-07-01 00:00:00.000,2026-06-30 23:59:59.000,,1,,,2021-711101,3,Y
*,MQA/SP/0061/07,Skills Programme: Competent person B: The Installation and Maintenance of any Support Unit and the removal of a Temporary Support Unit in Underground Hard Rock Operations (V4),,16,2015-07-01 00:00:00.000,2024-07-30 23:59:59.000,,1,,,2021-711101,0,Y
*,MQA/SP/0062/07,Skills Programme: Secondary Blasting Operations for Underground Hard Rock (V3),,36,2018-07-01 00:00:00.000,2026-06-30 23:59:59.000,,1,,,2021-711101,2,Y
*,MQA/SP/0026/05,Skills Programme: The Examination Making Safe and Declaring Safe of Unblasted Quarries and Stockpiles ,,24,2007-01-01 00:00:00.000,2010-01-01 00:00:00.000,,1,,,,1,Y
*,MQA/SP/0010/07,"Skills Programme: Competent Person B: To Install, maintain and removal of support in (Underground Hard Rock Operations) (Massive) V3",,21,2007-11-29 00:00:00.000,2010-11-29 00:00:00.000,,1,,,,10,Y
*,MQA/SP/0009/07,"Skills Programme: Competent Person B: To install, maintain and remove support unit (Underground Hard Rock Narrow Tabular) V3",,11,2007-11-29 00:00:00.000,2024-07-30 23:59:59.000,,1,,,,0,Y
*,MQA/SP/0108/07,Skills Programme: Thickening of a Slurry (V2),,11,2007-11-30 00:00:00.000,2010-11-30 00:00:00.000,,1,,,,2,Y
*,MQA/SP/0065/08,Skills Programme: Rock Drill Operator  for  Underground Hardrock Mines,,23,2008-02-01 00:00:00.000,2024-07-30 23:59:59.000,,1,,,,1,Y
*,MQA/SP/0068/08,Skills Programme: Trackless Mobile Machine Operations-Underground Hardrock,,26,2015-07-01 00:00:00.000,2018-01-18 00:00:00.000,,1,,,2021-711101,7,Y
*,MQA/SP/0067/08,Skills Programme: Crushing and Screening ,,59,2018-07-01 00:00:00.000,2024-06-30 00:00:00.000,,1,,,2021-312102,10,Y
*,MQA/SP/0066/08,Skills Programme: Operate Mining Machinery in an Underground Coal Mine,,28,2018-07-01 00:00:00.000,2024-06-30 00:00:00.000,,1,,,2021-711101,3,Y
*,MQA/SP/0070/08,Skills Programme: Milling Operations (Dry Process),,35,2007-01-01 00:00:00.000,2010-10-01 00:00:00.000,,1,,,,2,Y
*,MQA/SP/0069/08,Skills Programme: Rock Drill Operator in Underground Hardrock Mines,,23,2018-07-01 00:00:00.000,2026-06-30 23:59:59.000,,1,,,2021-711101,1,Y
*,21845,Further Education and Training Certificate in  Diamond Processing: Polisher - Crossworker,4,351,2007-01-01 00:00:00.000,2010-01-01 00:00:00.000,,2,21845,,,351,Y
*,21843,National Certificate in Diamond Processing: Polisher - Brillianteer,3,323,2007-01-01 00:00:00.000,2010-01-01 00:00:00.000,,2,21843,,,323,Y
*,50063,Further Education and Training Certificate in  Occupational Safety (Version1),4,145,2007-01-01 00:00:00.000,2010-01-01 00:00:00.000,,2,50063,,,145,Y
*,58248,National Certificate in Laboratory Practice,2,120,2007-06-27 00:00:00.000,2015-06-30 00:00:00.000,,2,58248,,2021-134902,120,Y
*,21811,National Certificate: Introduction to Mining and Minerals V2,1,120,2005-08-23 00:00:00.000,2008-08-23 00:00:00.000,,2,21811,,,14,Y
*,35926,National Certificate in Payroll Administration Services,5,240,2007-01-01 00:00:00.000,2010-01-01 00:00:00.000,,2,35926,,,240,Y
*,35926,National Certificate in Payroll Administration Services,5,240,2007-01-01 00:00:00.000,2010-01-01 00:00:00.000,,2,35926,,,120,Y
*,22860,Further Education and Training Certificate in Autotronics,4,135,2007-01-01 00:00:00.000,2010-01-01 00:00:00.000,,2,22860,,,135,Y
*,21854,Further Education and Training Certificate in Use of Firearms,4,155,2007-01-01 00:00:00.000,2010-01-01 00:00:00.000,,2,21854,,,155,Y
*,13739,"Further Education and Training Certificate in Occupation-directed Education, Training and Development Practice",4,126,2007-01-01 00:00:00.000,2010-01-01 00:00:00.000,,2,13739,,,126,Y
*,15541,National Certificate in Abet Practice,5,120,2007-01-01 00:00:00.000,2010-01-01 00:00:00.000,,2,15541,,,120,Y
*,12037,National Certificate in Education: Training and Development,2,128,2007-01-01 00:00:00.000,2010-01-01 00:00:00.000,,2,12037,,,128,Y
*,49105,National Certificate Furniture Making Wood,3,122,2007-01-01 00:00:00.000,2010-01-01 00:00:00.000,,2,49105,,,122,Y
*,49092,Further Education and Training Certificate in Furniture Making Specialism,4,155,2007-01-01 00:00:00.000,2010-01-01 00:00:00.000,,2,49092,,,155,Y
*,23255,National Certificate Mechanical Engineering Fitting and Machining,3,174,2007-01-01 00:00:00.000,2015-06-30 00:00:00.000,,2,23255,,2021-653303,174,Y
*,49046,National Certificate in Lump Ore Beneficiation (L3),3,120,2007-01-01 00:00:00.000,2010-01-01 00:00:00.000,,2,49046,,,120,Y
*,49049,Further Education and Training Certificate in Lump Ore Beneficiation,4,135,2007-01-01 00:00:00.000,2010-01-01 00:00:00.000,,2,49049,,,135,Y
*,58186,National Certificate in Sulphuric Acid Production,3,134,2007-01-01 00:00:00.000,2010-01-01 00:00:00.000,,2,58186,,,134,Y
*,58226,National Certificate in Sulphuric Acid Production,2,166,2007-01-01 00:00:00.000,2010-01-01 00:00:00.000,,2,58226,,,166,Y
*,58228,Further Education and Training Certificate in Sulphuric Acid Production,4,146,2007-01-01 00:00:00.000,2010-01-01 00:00:00.000,,2,58228,,,146,Y
*,48972,National Certificate: Plant Production,1,120,2007-01-01 00:00:00.000,2010-01-01 00:00:00.000,,2,48972,,,120,Y
*,21839,National Certificate In Mining Operations Underground Hardrock Narrow Tabular (Version1),2,159,2002-06-12 00:00:00.000,2005-06-12 00:00:00.000,,2,21839,,,0,Y
*,21840,National Certificate in Rockbreaking Underground Hardrock Narrow Tabular (Version1),3,140,2002-06-12 00:00:00.000,2005-06-12 00:00:00.000,,2,21840,,,140,Y
*,14115,National Certificate in Fast Food Services,3,138,2007-01-01 00:00:00.000,2010-01-01 00:00:00.000,,2,14115,,,138,Y
*,48918,Further Education and Training Certificate in Measurement Control and Instrumentation,6,120,2007-01-01 00:00:00.000,2015-06-30 00:00:00.000,,2,48918,,2021-661101,120,Y
*,50309,Further Education and Training Certificate: Environmental Practice,4,140,2007-01-01 00:00:00.000,2010-01-01 00:00:00.000,,2,50309,,,140,Y
*,49596,National Certificate: Radiation Monitoring,3,120,2007-01-01 00:00:00.000,2010-01-01 00:00:00.000,,2,49596,,,120,Y
*,58267,General Education and Training Certificate: Mining and Minerals Processes,1,120,2018-07-01 00:00:00.000,2024-06-30 00:00:00.000,,2,58267,,,22,Y
*,58722,National Certificate Engineering Fabrication,2,148,2007-01-01 00:00:00.000,2015-06-30 00:00:00.000,,2,60290,,2021-214103,148,Y
*,58720,National Ceritificate Engineering Fabrication,3,138,2007-01-01 00:00:00.000,2015-06-30 00:00:00.000,,2,60291,,2021-214103,138,Y
*,50334,National Certificate in Occupationally Directed Education Training and Develpment Practivrd,5,120,2007-01-01 00:00:00.000,2010-01-01 00:00:00.000,,2,50334,,,120,Y
*,58952,further Education and Training Certificate: Laboratory Analysis,4,140,2007-01-01 00:00:00.000,2015-06-30 00:00:00.000,,2,58952,,2021-134902,140,Y
*,59851,National Certificate: Diamond Processing,3,150,2007-01-01 00:00:00.000,2015-06-30 00:00:00.000,,2,59851,,2021-661302,82,Y
*,59549,National Certificate: Strata Control Operations,2,123,2007-01-01 00:00:00.000,2015-06-30 00:00:00.000,,2,59549,,2021-132203,123,Y
*,60369,National Certificate Strata Contol operations,3,136,2007-01-01 00:00:00.000,2015-06-30 00:00:00.000,,2,60369,,2021-132203,136,Y
*,59689,National Certificate: Mechanical Engineering ,2,130,2007-01-01 00:00:00.000,2015-06-30 00:00:00.000,,2,63477,,2021-652302,130,Y
*,59669,National Certificate: Mechanical Engineering: Fitting,3,120,2007-01-01 00:00:00.000,2015-06-30 00:00:00.000,,2,63471,,2021-652302,120,Y
*,59709,FETC: Mechanical Engineering : Fitting,4,120,2007-01-01 00:00:00.000,2015-06-30 00:00:00.000,,2,63481,,2021-652302,120,Y
*,60349,National Certificate: Mining Technical Support,2,125,2007-01-01 00:00:00.000,2015-06-30 00:00:00.000,,2,60349,,2021-351302,125,Y
*,NVC 012 ,New venture creation ,,0,2008-10-01 00:00:00.000,2008-10-31 00:00:00.000,,1,,,,7,Y
*,16/MQA/SP/0058,Blasting Assistant FOR Underground Hardrock (Version 1),,30,2007-06-14 00:00:00.000,2010-06-14 00:00:00.000,,1,,,,22,Y
*,16/MQA/SP/0058,Blasting Assistant FOR Underground Hardrock (Version 3),,28,2007-08-20 00:00:00.000,2010-08-20 00:00:00.000,,1,,,,23,Y
*,16/MQA/SP/0058/,Blasting Assistant FOR Underground Hardrock (Version 3 B) LATEST,,22,2007-08-21 00:00:00.000,2010-08-21 00:00:00.000,,1,,,,2,Y
*,16/SP/029,Blasting Assistant Operations in Underground Coal Mines V2,,0,2005-10-17 00:00:00.000,2008-10-17 00:00:00.000,,1,,,,37,Y
*,Fall A MnC ContM,Skills Programme: Competent Person A: To examine and declare a working place safe (Underground Coal Continuous Mining) (Inactive),,120,2018-07-01 00:00:00.000,2020-09-25 00:00:00.000,,1,,,2021-711101,96,Y
*,Fall A MnC ConvM,Skills Programme: Competent Person A: To examine and declare a working place safe for the purpose of regulation 1.1 (Underground Coal Conventional Mining),,43,2018-07-01 00:00:00.000,2020-09-25 00:00:00.000,,1,,,,23,Y
*,Fall A MnC LM,Skills Programme: Fall of Ground Regulations: Competent Person A: To examine and declare a working place safe for the purpose of regulation 1.1 (Underground Coal Longwall Mining),,0,2018-07-01 00:00:00.000,2020-09-25 00:00:00.000,,1,,,2021-711101,0,Y
*,Fall A MnH M,Skills Programme: Fall of Ground Regulations: Competent Person A: To examine and declare a working place safe for the purpose of regulation 1.1(Underground Hard Rock Massive),,42,2007-01-01 00:00:00.000,2010-01-01 00:00:00.000,,1,,,,18,Y
*,Fall A MnH NT,Skills Programme: Fall of Ground Regulations: Competent Person A: To examine and declare a working place safe for the purpose of regulation 1.1 (Underground Hard Rock Narrow Tabular),,50,2007-01-01 00:00:00.000,2010-01-01 00:00:00.000,,1,,,,23,Y
*,Fall B MnC ContM,"Skills Programme: Fall of ground regulations: Competent Person B: To install, maintain and remove any support unit for the purposes of regulation 1.7 (Underground Coal Continuous Mining)",,17,2018-07-01 00:00:00.000,2026-06-30 23:59:59.000,,1,,,2021-711101,2,Y
*,Fall B MnC ConvM,"Skills Programme: Fall of ground regulations: Competent Person B: To install, maintain and remove any support unit for the purposes of regulation 1.7 (Underground Coal Conventional Mining)",,59,2018-07-01 00:00:00.000,2026-06-30 23:59:59.000,,1,,,2021-711101,31,Y
*,Fall B MnC LM,"Skills programme: Fall of ground regulations: Competent Person B: To install, maintain and remove any support unit for the purposes of regulation 1.7 (Underground Coal Longwall Mining)",,15,2018-07-01 00:00:00.000,2026-06-30 23:59:59.000,,1,,,2021-711101,0,Y
*,MQA/SP/0009/05,"Skills Programme: Competent Person B: To install, maintain and remove support unit (Underground Hard Rock Narrow Tabular) V2",,24,2007-01-01 00:00:00.000,2024-07-30 23:59:59.000,,1,,,,8,Y
*,MQA/SP/0010/05,"Skills Programme: Competent Person B: To Install, Maintain and Removal of Support in (Underground Hard Rock Operations) (Massive) V2",,18,2007-01-01 00:00:00.000,2024-07-30 23:59:59.000,,1,,,,5,Y
*,MQA/SP/0037/05,Skills Programme: Continuous Mining Operations,,126,2018-07-01 00:00:00.000,2026-06-30 23:59:59.000,,1,,,2021-711101,63,Y
*,MQA/SP/0042/05,Skills Programme: Blasting Assistant in Surface Mining,,0,2006-03-16 00:00:00.000,2009-03-16 00:00:00.000,,1,,,,17,Y
*,MQA/SP/0049/06,Skills Programme: Thickening of a Slurry (Version 1),,24,2006-11-03 00:00:00.000,2009-11-03 00:00:00.000,,1,,,,4,Y
*,MQA/SP/0005A/05,Skills Programme: The Examination and Declaring Safe of a Workplace in Underground: Conventional,,24,2005-10-19 00:00:00.000,2008-10-19 00:00:00.000,,1,,,,0,Y
*,MQA/SP/0005B/05,Skills Programme: The Examination and Declaring Safe of a Workplace in Underground: Continuous Mining,,90,2005-10-19 00:00:00.000,2008-10-19 00:00:00.000,,1,,,,66,Y
*,MQA/SP/0005C/05,Skills Programme: The Examination and Declaring Safe of a Workplace in Underground: Wall Mining,,85,2005-10-19 00:00:00.000,2008-10-19 00:00:00.000,,1,,,,66,Y
*,49014,National Certificate in  Rockbreaking for Underground Hard Rock (version 2),3,130,2007-01-01 00:00:00.000,2010-01-01 00:00:00.000,,2,49014,,,46,Y
*,49013,National Certificate Mining Operations Underground Hard Rock ,2,140,2007-04-03 00:00:00.000,2010-04-03 00:00:00.000,,2,49013,,,60,Y
*,58760,National Certificate: Rock Breaking Underground Hard Rock (Version 3),3,126,2007-01-01 00:00:00.000,2015-06-30 00:00:00.000,,2,58760,,2021-711101,44,Y
*,21842,National Certificate: Surface Mining Rockbreaking ,2,147,2007-01-01 00:00:00.000,2010-01-01 00:00:00.000,,2,21842,,,20,Y
*,58739,National Certificate in Mining Operations for Underground Hard Rock (version3),2,130,2007-01-01 00:00:00.000,2015-06-30 00:00:00.000,,2,58739,,2021-711101,30,Y
*,23654,National Certificate in Generic Management,3,120,2007-01-01 00:00:00.000,2010-01-01 00:00:00.000,,2,23654,,,120,Y
*,MQA/SP/0008/(B)/05,"Skills Programme: The installation, maintenance and removal of support in underground coal mining operations - Roof bolter Machine Support",,63,2005-10-30 00:00:00.000,2008-10-30 00:00:00.000,,1,,,,30,Y
*,MQA/SP/0008(A)/05,"Skills Programme: The installation, maintenance and removal of support in underground coal mining operations - Timber Support",,58,2005-10-30 00:00:00.000,2008-10-30 00:00:00.000,,1,,,,30,Y
*,21841,National Certificate in Winding Engine Driving,3,127,2007-01-01 00:00:00.000,2010-01-01 00:00:00.000,,2,21841,,2021-734301,20,Y
*,MQA/SP/0008/05,"Skills Programme: Competent Person B: To install, maintain and remove any support in Underground Coal Mining Operations - Compressed Air / Hydraulic Support V3",,18,2018-07-01 00:00:00.000,2025-06-30 23:59:59.000,,1,,,2021-711101,3,Y
*,Q230033341525,Team Leader,,0,2003-10-08 00:00:00.000,2006-10-08 00:00:00.000,,1,,,,0,Y
*,23Q23006381382,New Venture Creation,,198,2008-05-13 00:00:00.000,2011-05-13 00:00:00.000,,1,,,,48,Y
*,MQA/SP/0071/09,Skills Programme: Conduct Occupational Health and Safety Representative activities in the Mining and Minerals Sector - V2,,11,2009-03-03 00:00:00.000,2010-12-10 00:00:00.000,,1,,,,2,Y
*,MQA/SP/0072/09,Skills Programme: Flotation,,13,2018-07-01 00:00:00.000,2026-06-30 23:59:59.000,,1,,,2021-711201,0,Y
*,21844,National Certificate in Jewellery Manufacture in a Production Environment,3,159,2005-08-03 00:00:00.000,2008-08-03 00:00:00.000,,2,21844,,,0,Y
*,SP/CLA-G017,Skills Programme: Blasting Assistant in Surface Mines and Quarries,,14,2018-07-01 00:00:00.000,2026-06-30 23:59:59.000,,1,,,2021-684202,2,Y
*,SP/CLA-G015 (A),"Skills Programme: Competent Person A- The Examination, making safe and declaring safe of surface mines, quarries, dumps and stockpiles",,27,2018-07-01 00:00:00.000,2018-10-22 00:00:00.000,,1,,,2021-684202,2,Y
*,SP/CLA-G015 (B),"Skills Programme: Competent Person A: The Examination, making safe and declaring safe of surface mines, quarries, dumps and stockpiles",,22,2018-07-01 00:00:00.000,2018-10-22 00:00:00.000,,1,,,,2,Y
*,SP/CLA-G018,Skills Programme: The control of explosives magazines on surface mines and qaurries,,10,2009-06-01 00:00:00.000,2013-10-07 00:00:00.000,,1,,,,0,Y
*,SP/CLA-G016,"Skills Programme: Competent Person B: The installation, maintenance and removal of support units in Surface Mines and Quarries",,29,2018-07-01 00:00:00.000,2020-02-14 00:00:00.000,,1,,,2021-684202,2,Y
*,MQA/SP/0073/09,Skills Programme: Small and Micro businesses in the diamond processing industry,,26,2018-07-01 00:00:00.000,2026-06-30 23:59:59.000,,1,,,2021-661302,0,Y
*,MQA/SP/0074/09,Skills Programme: Rough Sorting of Diamond Gemstones,,45,2018-07-01 00:00:00.000,2026-06-30 23:59:59.000,,1,,,2021-661302,0,Y
*,MQA/SP/0075/09,Skills Programme: Rough Evaluation of Diamond Gemstones,,50,2018-07-01 00:00:00.000,2026-06-30 23:59:59.000,,1,,,2021-661302,0,Y
*,MQA/SP/0076/09,Skills Programmes: Laser cutting of diamond gemstones,,90,2018-07-01 00:00:00.000,2026-06-30 23:59:59.000,,1,,,2021-661302,45,Y
*,MQA/SP/0077/09,Skills Programme: Introduction to the Diamond Processing Industry,,23,2018-07-01 00:00:00.000,2026-06-30 23:59:59.000,,1,,,2021-661302,0,Y
*,MQA/SP/0078/09,Skills Programme: Diamond Trading,,80,2009-06-29 00:00:00.000,2015-06-30 00:00:00.000,,1,,,,0,Y
*,MQA/SP/0079/09,Skills Programme: Blasting Assistant in Surface Mines and Quarries,,12,2009-06-29 00:00:00.000,2012-12-30 00:00:00.000,,1,,,,0,Y
*,MQA/SP/0080/09,"Skills Programme: Competent Person A - The examination, making safe and declaring safe of surface mines, quarries, dumps and stockpile",,45,2009-06-30 00:00:00.000,2012-12-30 00:00:00.000,,1,,,,23,Y
*,MQA/SP/0088/09,Skills Programme in Crushing (Version 2),,23,2018-07-01 00:00:00.000,2024-06-30 00:00:00.000,,1,,,,2,Y
*,MQA/SP/0082/09,Skills Programme: The control of explosives magazines on surface excavation and quaries,,0,2009-06-30 00:00:00.000,2012-12-30 00:00:00.000,,1,,,,31,Y
*,MQA/SP/0081/09,"Skills Programme: Competent B- The installation, maintenance and removal of support units in Surface Mines and Quarries",,0,2009-06-30 00:00:00.000,2012-12-30 00:00:00.000,,1,,,,21,Y
*,MQA/SP/0029/09,Skills Programmes: Ore Reception,,8,2018-07-01 00:00:00.000,2026-06-30 23:59:59.000,,1,,,2021-711201,0,Y
*,MQA/SP/0107/09,Skills Programme: Dense Medium Separation (Version 2),,16,2018-07-01 00:00:00.000,2026-06-30 23:59:59.000,,1,,,2021-711201,0,Y
*,MQA/SP/0089/09,Skills Programme: Scrubbing and Screening (Version 2),,13,2018-07-01 00:00:00.000,2026-06-30 23:59:59.000,,1,,,2021-711201,2,Y
*,MQA/SP/0109/09,Skills Programme: Thickening of a Slurry (Version3),,12,2018-07-01 00:00:00.000,2026-06-30 23:59:59.000,,1,,,2021-711201,2,Y
*,MQA/SP/0110/09,Skills Programme:  Adsorption of Gold onto activated carbon (Version 2),,32,2018-07-01 00:00:00.000,2026-06-30 23:59:59.000,,1,,,2021-711201,16,Y
*,MQA/SP/0011/09,Skills Programme: Handling of Chemicals (Version 2),,57,2015-07-01 00:00:00.000,2018-05-16 00:00:00.000,,1,,,,11,Y
*,MQA/SP/0052/09,Skills Programme in Milling of Material (Version 2),,18,2018-07-01 00:00:00.000,2025-03-31 00:00:00.000,,1,,,2021-711201,0,Y
*,MQA/SP/0053/09,Skills Programme: Slimes Reclamation,,13,2018-07-01 00:00:00.000,2026-06-30 23:59:59.000,,1,,,,4,Y
*,MQA/SP/0014/09,Skills Programme: Solvent Extraction (Version 2),,46,2018-07-01 00:00:00.000,2026-06-30 23:59:59.000,,1,,,2021-711201,24,Y
*,MQA/SP/0085/09,Skills Programme: Generic Management for Middle Managers in the South African Mining and Minerals Sector,,65,2018-07-01 00:00:00.000,2026-06-30 23:59:59.000,,1,,,,0,Y
*,MQA/SP/0086/09,Skills Programme: Operation and Maintenance of Medium Voltage Switchgear and Distribution Networks,,54,2015-07-01 00:00:00.000,2015-07-01 00:00:00.000,,1,,,2021-671101,36,Y
*,MQA/SP/0087/09,Skills Programme: Water Analysis in a Laboratory,,15,2018-07-01 00:00:00.000,2026-06-30 23:59:59.000,,1,,,2021-134902,0,Y
*,MQA/SP/0090/09,Skills Programme: Water Reticulation,,14,2018-07-01 00:00:00.000,2026-06-30 23:59:59.000,,1,,,2021-711201,0,Y
*,MQA/SP/0091/09,Skills Programme: Electrowinning,,26,2018-07-01 00:00:00.000,2026-06-30 23:59:59.000,,1,,,2021-711201,13,Y
*,MQA/SP/0092/09,Skills Programme: Gold Elution and Carbon Regeneration,,34,2018-07-01 00:00:00.000,2026-06-30 23:59:59.000,,1,,,2021-711201,17,Y
*,MQA/SP/0093/09,Skills Programme: Diamond Recovery,,19,2018-07-01 00:00:00.000,2026-06-30 23:59:59.000,,1,,,2021-711201,0,Y
*,MQA/SP/0094/09,Skills Programme: Relining of a mill,,32,2018-07-01 00:00:00.000,2026-06-30 23:59:59.000,,1,,,2021-711201,16,Y
*,MQA/SP/0095/09,Skills Programme: Grading Room Operator,,14,2018-07-01 00:00:00.000,2026-06-30 23:59:59.000,,1,,,2021-711201,7,Y
*,MQA/SP/0096/09,Skills Programme: Backfilling,,36,2018-07-01 00:00:00.000,2026-06-30 23:59:59.000,,1,,,2021-711201,18,Y
*,MQA/SP/0036/05,Skills Programme: Gathering Arm Loader Operation in an Underground Coal Mine,,78,2018-07-01 00:00:00.000,2026-06-30 23:59:59.000,,1,,,2021-711101,39,Y
*,57876,Further Education and Training Certificate: Jewellery Manufacturing Operations,4,150,2007-02-08 00:00:00.000,2015-06-30 00:00:00.000,,2,57876,,2021-712102,10,Y
*,MQA/SP/0097/09,Skills Programme: Fabrication and Repair Equipment in Surface Operations,,66,2018-07-01 00:00:00.000,2026-06-30 23:59:59.000,,1,,,2021-671101,36,Y
*,MQA/SP/0098/09,Skills Programme: Produce mastermodels for re-production and mass production,,16,2018-07-01 00:00:00.000,2026-06-30 23:59:59.000,,1,,,2021-712102,8,Y
*,MQA/SP/0099/09,"Skills Programme: Jewellery Design, Quoting and Pricing",,23,2018-07-01 00:00:00.000,2026-06-30 23:59:59.000,,1,,,,0,Y
*,MQA/SP/0100/09,Skills Programme: Mechanical Engineering Maintenance in Surface Operations,,68,2018-07-01 00:00:00.000,2026-06-30 23:59:59.000,,1,,,2021-671101,34,Y
*,MQA/SP/0101/09,Skills Programme: Lifting and moving of a load in Surface Operations,,36,2018-07-01 00:00:00.000,2026-06-30 23:59:59.000,,1,,,2021-671101,20,Y
*,MQA/SP/0102/09,Skills Programme: Clean up Castings and Manufacture Basic Jewellery,,69,2018-07-01 00:00:00.000,2026-06-30 23:59:59.000,,1,,,2021-712102,0,Y
*,MQA/SP/0103/09,Skills Programme: Computer Aided Design,,22,2018-07-01 00:00:00.000,2026-06-30 23:59:59.000,,1,,,2021-712102,0,Y
*,MQA/SP/0104/09,Skills Programme: Identify and grade a gemstone,,18,2018-07-01 00:00:00.000,2026-06-30 23:59:59.000,,1,,,2021-712102,0,Y
*,MQA/SP/0105/09,Skills Programme: Creating Moulds for Wax Casting Techniques,,24,2018-07-01 00:00:00.000,2026-06-30 23:59:59.000,,1,,,2021-712102,0,Y
*,MQA/SP/0106/09,Skills Programme: Perform Lapidary Procedures,,17,2018-07-01 00:00:00.000,2026-06-30 23:59:59.000,,1,,,2021-712102,0,Y
*,48804,"National Certificate Occupational Safety, Hygiene and Environment ",2,135,2007-08-07 00:00:00.000,2009-11-25 00:00:00.000,,2,48804,,,13,Y
*,23624,National Certificate Diesel Mechanic ,3,120,2007-01-01 00:00:00.000,2015-06-30 00:00:00.000,,2,23624,,2021-653306,0,Y
*,23625,National Certificate: Electrical,4,120,2007-01-01 00:00:00.000,2015-06-30 00:00:00.000,,2,23625,,2021-671101,0,Y
*,23626,National Certificate Fitting and Turning ,3,120,2007-01-01 00:00:00.000,2015-06-30 00:00:00.000,,2,23626,,2021-652302,0,Y
*,23627,National Certificate Fitting (Including Machining) ,3,120,2007-01-01 00:00:00.000,2015-06-30 00:00:00.000,,2,23627,,2021-653303,0,Y
*,23628,National Certificate: Instrumentation Mechanician,4,99,2007-01-01 00:00:00.000,2015-06-30 00:00:00.000,,2,23628,,2021-671301,0,Y
*,23813,National Certificate Rigger Ropesman,3,120,2007-01-01 00:00:00.000,2015-06-30 00:00:00.000,,2,23813,,2021-651501,0,Y
*,21846,National Certificate in Diamond Processing Operator,2,120,2005-08-23 00:00:00.000,2008-08-23 00:00:00.000,,2,21846,,,0,Y
*,21814,National Certificate in Engineering Maintenance and Repairing for Underground Coal Mining,2,148,2008-10-20 00:00:00.000,2011-10-20 00:00:00.000,,2,21814,,2021-132104,0,Y
*,21812,National certificate in Mining Operations: Underground Coal ,3,120,2008-10-20 00:00:00.000,2011-10-20 00:00:00.000,,2,21812,,2021-132104,0,Y
*,21815,National Certificate in Engineering Maintenance for Underground Hard Rock (Metalliferous) ,2,120,2005-08-23 00:00:00.000,2008-08-23 00:00:00.000,,2,21815,,2021-132104,0,Y
*,49045,National Certificate in Lump Ore Beneficiation (L2),2,163,2004-12-02 00:00:00.000,2007-12-02 00:00:00.000,,2,49045,,,0,Y
*,48696,National Certificate  Measurement  Control and Instrumentation ,3,175,2007-04-03 00:00:00.000,2015-06-30 00:00:00.000,,2,48696,,2021-661101,0,Y
*,35927,Further Education and Training Certificate in  Payroll Administration Services,4,153,2006-11-07 00:00:00.000,2009-11-07 00:00:00.000,,2,35927,,,0,Y
*,48695,National Certificate Measurement Control and Instrumentation,2,137,2007-04-03 00:00:00.000,2015-06-30 00:00:00.000,,2,48695,,2021-661101,0,Y
*,48914,National Certificate in  Associate General Accountant,6,547,2007-04-03 00:00:00.000,2010-04-03 00:00:00.000,,2,48914,,,0,Y
*,22858,National Certificate Autotronics,2,128,2006-11-07 00:00:00.000,2009-11-07 00:00:00.000,,2,22858,,,0,Y
*,48912,National Certificate in  Chartered Accountant Financial Management,7,698,2006-07-01 00:00:00.000,2009-07-01 00:00:00.000,,2,48912,,,0,Y
*,24493,National Certificate in  Management,5,120,2006-05-02 00:00:00.000,2009-05-02 00:00:00.000,,2,24493,,,0,Y
*,13716,National Certificate Professional Driving,3,120,2003-12-03 00:00:00.000,2006-12-03 00:00:00.000,,2,13716,,,0,Y
*,22671,National Certificate in Construction Masonry,3,120,2006-08-01 00:00:00.000,2009-08-01 00:00:00.000,,2,22671,,,0,Y
*,21853,National Certificate: Construction Plumbing,3,159,2006-08-01 00:00:00.000,2009-08-01 00:00:00.000,,2,21853,,,0,Y
*,22670,National Certificate: Construction Carpentry,3,120,2006-08-01 00:00:00.000,2009-08-01 00:00:00.000,,2,22670,,,0,Y
*,24273,National Certificate: Community House Building,2,124,2006-08-01 00:00:00.000,2009-08-01 00:00:00.000,,2,24273,,,0,Y
*,22490,National Certificate General Security Practice,3,124,2005-11-01 00:00:00.000,2008-11-01 00:00:00.000,,2,22490,,,0,Y
*,20838,Further Education and Training Certificate in   AET Practice,4,120,2006-11-07 00:00:00.000,2009-11-07 00:00:00.000,,2,20838,,,0,Y
*,49091,National Certificate in Furniture Making Wood,2,125,2007-10-30 00:00:00.000,2010-10-30 00:00:00.000,,2,49091,,,0,Y
*,49044,"National Certificate in Mineral Processing, Gold Extraction",3,124,2007-10-30 00:00:00.000,2010-10-30 00:00:00.000,,2,49044,,,0,Y
*,57121,National Certificate in rock breaking (quarrying),3,120,2006-12-11 00:00:00.000,2009-12-11 00:00:00.000,,2,57121,,,0,Y
*,50082,Further Education and Training Certificate in  Minerals Surveying,4,148,2007-01-01 00:00:00.000,2015-06-30 00:00:00.000,,2,50082,,2021-311202,0,Y
*,23656,Further Education and Training Certificate in Management,4,140,2006-03-14 00:00:00.000,2009-03-14 00:00:00.000,,2,23656,,,0,Y
*,58274,Further Education and Training Certificate in Jewellery Setting Processes,4,146,2007-05-02 00:00:00.000,2015-06-30 00:00:00.000,,2,58274,,2021-661302,0,Y
*,22859,National Certificate in Autotronics,3,140,2006-11-07 00:00:00.000,2009-11-07 00:00:00.000,,2,22859,,,0,Y
*,57692,Further Education and Training Certificate: Carbonate Materials Manufacturing Processes,4,159,2006-11-16 00:00:00.000,2015-06-30 00:00:00.000,,2,57692,,2021-831305,0,Y
*,57875,Further Education and Training Certificate: Jewellery Designing,4,146,2007-02-08 00:00:00.000,2015-06-30 00:00:00.000,,2,57875,,2021-661302,0,Y
*,58270,Further Education and Training Certificate: Electro-Mechanics,4,171,2007-01-01 00:00:00.000,2015-06-30 00:00:00.000,,2,60295,,2021-671202,0,Y
*,58288,National Certificate: Electro-Mechanics,3,141,2007-05-02 00:00:00.000,2015-06-30 00:00:00.000,,2,60294,,2021-671202,0,Y
*,58721,Further Education and Training Certificate in Engineering Fabrication,4,141,2007-08-16 00:00:00.000,2015-06-30 00:00:00.000,,2,60292,,2021-214103,0,Y
*,20907,National Certificate in Customer Management,4,120,2005-09-13 00:00:00.000,2008-09-13 00:00:00.000,,2,20907,,,0,Y
*,59305,National Certificate Mineral Processing,2,129,2018-07-01 00:00:00.000,2024-06-30 00:00:00.000,,2,59305,,2021-711201,0,Y
*,23953,Further Education and Training Certificate: New Venture Creation (SMME) ,4,162,2008-05-13 00:00:00.000,2011-05-13 00:00:00.000,,2,23953,,,0,Y
*,23630,National Certificate Plater/Boilermaker ,3,0,2007-01-01 00:00:00.000,2015-06-30 00:00:00.000,,2,23630,,2021-651302,0,Y
*,23631,National Certificate Plater/Welder ,3,0,2007-01-01 00:00:00.000,2015-06-30 00:00:00.000,,2,23631,,2021-651202,0,Y
*,23633,National Certificate: Millwright,4,0,2007-01-01 00:00:00.000,2015-06-30 00:00:00.000,,2,23633,,2021-671202,0,Y
*,23655,Natioanl Certificate: Business Administration Services,3,120,2006-05-02 00:00:00.000,2009-05-02 00:00:00.000,,2,23655,,,0,Y
*,57962,Carbonate Materials Manufacturing Process (Cement Manufacturing) L4,4,0,2007-01-01 00:00:00.000,2010-01-01 00:00:00.000,,2,,,,0,Y
*,48873,Occupationally Directed Education and Training Practices,5,125,2004-06-09 00:00:00.000,2007-06-09 00:00:00.000,,2,48873,,,0,Y
*,35928,National Certificate: Business Administration,4,140,2007-01-23 00:00:00.000,2010-01-23 00:00:00.000,,2,35928,,,0,Y
*,16Q1600616,Lump ore Beneficiation: Diamonds  (version2),2,0,2007-01-01 00:00:00.000,2010-01-01 00:00:00.000,,2,16Q1600616,,,0,Y
*,62796,Further Education and Taining CertificateL Strata Control Operations,4,165,2008-08-20 00:00:00.000,2015-06-30 00:00:00.000,,2,62796,,2021-132203,0,Y
*,64249,Further Education and Training Certificate: Diamond and Evaluation,4,164,2008-11-26 00:00:00.000,2015-06-30 00:00:00.000,,2,64249,,2021-661302,0,Y
*,49648,National Certificate: New Venture Creation (SMME),2,138,2008-05-13 00:00:00.000,2011-05-13 00:00:00.000,,2,49648,,,0,Y
*,64189,National Certificate: Metals Production,2,120,2008-11-26 00:00:00.000,2015-06-30 00:00:00.000,,2,65190,,2021-651301,0,Y
*,64190,National Certificate: Metals Production,3,120,2008-11-26 00:00:00.000,2015-06-30 00:00:00.000,,2,65192,,2021-651301,0,Y
*,64209,Further Education and Training Certificate: Metals Production,4,140,2008-11-26 00:00:00.000,2015-06-30 00:00:00.000,,2,65194,,2021-651301,0,Y
*,62869,National Certificate: Rockbreaking: Surface Excavations,,141,2018-07-01 00:00:00.000,2024-06-30 00:00:00.000,,2,62869,,2021-684202,0,Y
*,64309,General Education and Training Certificate: Adult Basic Education and Training,1,120,2008-11-26 00:00:00.000,2011-11-26 00:00:00.000,,2,64309,,,0,Y
*,64149,"National Certificate: Occupational Health, Safety and Environment",2,120,2008-11-26 00:00:00.000,2011-11-26 00:00:00.000,,2,74292,,2021-226302,0,Y
*,64909,National Certificate: Small Scale Mining,2,143,2009-02-18 00:00:00.000,2015-06-30 00:00:00.000,,2,64909,,2021-214602,0,Y
*,64729,Further Education and Training Certificate: Diamond Processing,4,161,2009-02-18 00:00:00.000,2015-06-30 00:00:00.000,,2,64729,,2021-661302,0,Y
*,63789,National Certificate: Electrical Engineering,2,140,2009-02-18 00:00:00.000,2015-06-30 00:00:00.000,,2,67429,,2021-671101,0,Y
*,64849,Further Education and Training Certificate: Automotive Repair and Maintenance,4,159,2009-02-18 00:00:00.000,2012-02-18 00:00:00.000,,2,78545,,,0,Y
*,63790,National Certificate: Electrical Engineering,3,133,2009-02-18 00:00:00.000,2012-02-18 00:00:00.000,,2,72071,,,0,Y
*,63889,Further Education and Training Certificate: Electrical Engineering,4,130,2009-02-18 00:00:00.000,2015-06-30 00:00:00.000,,2,72069,,2021-671101,0,Y
*,64810,National Certificate: Automotive Repair and Maintenance,2,125,2009-02-18 00:00:00.000,2015-06-30 00:00:00.000,,2,64810,,2021-653201,0,Y
*,64809,National Certificate: Automotive Repair and Maintenance,3,135,2009-02-18 00:00:00.000,2015-06-30 00:00:00.000,,2,64809,,2021-653201,0,Y
*,64789,National Diploma: Automotive Repair and Maintenance,5,144,2009-02-18 00:00:00.000,2012-02-18 00:00:00.000,,2,64789,,,0,Y
*,65049,National CertificateL Jewellery manufacturing,2,134,2009-12-03 00:00:00.000,2015-06-30 00:00:00.000,,2,65049,,2021-711202,0,Y
*,65209,National Certificate: Jewellery Manufacturing,3,137,2009-12-03 00:00:00.000,2015-06-30 00:00:00.000,,2,65209,,2021-711202,0,Y
*,65549,National Certificate: Mining Technical Support,3,138,2009-12-03 00:00:00.000,2015-06-30 00:00:00.000,,2,65549,,2021-351302,0,Y
*,59729,National Certificate: Mechanical Handling (Rigging),2,127,2008-11-06 00:00:00.000,2015-06-30 00:00:00.000,,2,63485,,2021-651501,0,Y
*,59730,National Certificate: Mechanical Handling (Rigging),3,121,2008-06-11 00:00:00.000,2015-06-30 00:00:00.000,,2,63490,,2021-651501,0,Y
*,59731,Further Education and Training Certificate: Mechanical Handling (Rigging),4,136,2008-11-06 00:00:00.000,2015-06-30 00:00:00.000,,2,63494,,2021-651501,0,Y
*,62769,National Certificate: Mineral Processing,,130,2008-08-20 00:00:00.000,2015-06-30 00:00:00.000,,2,62769,,2021-711201,0,Y
*,60110,National Certificate: Engineering,5,120,2008-08-20 00:00:00.000,2011-08-20 00:00:00.000,,2,60110,,,0,Y
*,64949,National Certificate: Laboratory Practice,2,120,2009-05-05 00:00:00.000,2015-06-30 00:00:00.000,,2,73310,,2021-134902,0,Y
*,64950,Further Education and Training Certificate: Laboratory Analysis,4,140,2009-05-05 00:00:00.000,2015-06-30 00:00:00.000,,2,73312,,2021-134902,0,Y
*,20159,NQF 5 NATIONAL DIPLOMA IN ABET PRACITICES,,240,2007-01-01 00:00:00.000,2010-01-01 00:00:00.000,,2,20159,,,0,Y
*,48473,National Certificate in Electrical Engineering (Electrical Construction),,156,2007-01-01 00:00:00.000,2010-01-01 00:00:00.000,,2,48473,,,0,Y
*,3,NATIONAL CERTIFICATE GENERAL SECURITY PRACTICES,3,0,2007-01-01 00:00:00.000,2010-01-01 00:00:00.000,,2,3,,,0,Y
*,74292,"National Certificate: Occupational Health, Safety and Environment: Mining and Minerals",2,120,2008-11-26 00:00:00.000,2015-06-30 00:00:00.000,,2,74292,,2021-226302,20,Y
*,MQA/SP/0111/09,Skills Programme: Primary Sample Preparation in an Analytical Laboratory ,,17,2018-07-01 00:00:00.000,2026-06-30 23:59:59.000,,1,,,2021-134902,0,Y
*,MQA/SP/0012/09,Skills Programme: Separation of Precious Metals by means of the Fire Assay Technique,,22,2009-10-19 00:00:00.000,2013-06-19 00:00:00.000,,1,,,,0,Y
*,MQA/SP/0113/09,Skills Programme: Secondary Sample Preparation in an Analytical Laboratory,,15,2009-10-19 00:00:00.000,2024-07-30 23:59:59.000,,1,,,,0,Y
*,MQA/SP/0114/09,Skills Programme: Small Scale Mining: Quarrying,,50,2018-07-01 00:00:00.000,2026-06-30 23:59:59.000,,1,,,2021-214602,12,Y
*,MQA/SP/0115/09,"Skills Programme: Small Scale Mining: Safety, Health and Environment",,42,2018-07-01 00:00:00.000,2026-06-30 23:59:59.000,,1,,,2021-214602,7,Y
*,MQA/SP/0116/09,Skills Programme: Small Scale Mining: Surface Mining,,47,2018-07-01 00:00:00.000,2026-06-30 23:59:59.000,,1,,,2021-214602,15,Y
*,MQA/SP/0117/09,Skills Programme: Small Scale Mining: Underground Coal,,50,2018-07-01 00:00:00.000,2026-06-30 23:59:59.000,,1,,,,10,Y
*,MQA/SP/0118/09,Skills Programme: Small Scale Mining: Underground Hardrock,,45,2018-07-01 00:00:00.000,2026-06-30 23:59:59.000,,1,,,2021-214602,0,Y
*,MQA/SP/0119/09,Skills Programme: Operating Mobile Equipment for Surface Excavation Operations,,18,2009-11-25 00:00:00.000,2025-06-30 23:59:59.000,,1,,,,6,Y
*,MQA/SP/0120/10,Skills Programme: Occupational Health and Safety activities for: Part Time/Workplace Representatives and Shop Stewards in the Mining and Minerals,,9,2018-07-01 00:00:00.000,2026-06-30 23:59:59.000,,1,,,2021-226302,0,Y
*,MQA/SP/0088/09 A,Skills Programme: Crushing (Version 2),,17,2015-07-01 00:00:00.000,2018-01-18 00:00:00.000,,1,,,2021-711201,0,Y
*,MQA/SP/0088/09 B,Skills Programme: Crushing (Version 2),,12,2015-07-01 00:00:00.000,2018-01-18 00:00:00.000,,1,,,2021-711201,0,Y
*,MQA/SP/0123/10,Skills Programme: Intermediate Generic Management (Version 2),,42,2015-07-01 00:00:00.000,2016-07-19 15:45:40.643,,1,,,,0,Y
*,MQA/SP/0121/10,Skills Programme: Advanced Generic Management (Version 2),,57,2015-07-01 00:00:00.000,2016-07-19 16:05:56.450,,1,,,,0,Y
*,MQA/SP/0122/10,Skills Programme: Basic Generic Supervision (Version 2),,36,2015-07-01 00:00:00.000,2016-07-19 16:12:44.213,,1,,,,0,Y
*,MQA/SP/0124/10,Skills Programme: The handling of explosives in mines,,7,2018-07-01 00:00:00.000,2025-06-30 23:59:59.000,,1,,,2021-684202,3,Y
*,MQA/SP/0125/10,Skills Programme: Generic Engineering,,60,2010-03-31 00:00:00.000,2011-03-31 00:00:00.000,,1,,,,0,Y
*,MQA/SP/0089/09 A,SKILLS PROGRAM IN SCRUBBING AND SCREENING,,17,2018-07-01 00:00:00.000,2026-06-30 23:59:59.000,,1,,,,0,Y
*,MQA/SP/0089/09 B,SKILLS PROGRAM IN SCRUBBING AND SCREENING,,13,2018-07-01 00:00:00.000,2025-06-30 23:59:59.000,,1,,,,0,Y
*,MQA/SP/0089/09 C,SKILLS PROGRAM IN SCRUBBING AND SCREENING,,13,2018-07-01 00:00:00.000,2025-06-30 23:59:59.000,,1,,,,0,Y
*,MQA/SP/0126/10,Skills Programme: Gases and Gas Testing in Underground Fiery (Coal) Mines,,35,2018-07-01 00:00:00.000,2026-06-30 23:59:59.000,,1,,,2021-711101,0,Y
*,MQA/SP/0127/10,Skills Programme: Flameproofing in Underground Fiery (Coal) Mines,,18,2018-07-01 00:00:00.000,2026-06-30 23:59:59.000,,1,,,2021-711101,0,Y
*,67429,National Certificate: Electrical Engineering: Mining and Minerals,2,140,2009-02-18 00:00:00.000,2015-06-30 00:00:00.000,,2,67429,,2021-671101,0,Y
*,MQA/SP/0128/10,"Skills Programme: Transportation of persons, material and minerals to and from the underground workings by means of a shaft/ ONSETTER",,29,2018-07-01 00:00:00.000,2026-06-30 23:59:59.000,,1,,,2021-734301,0,Y
*,MQA/SP/0129/11,Skills Programme: Generic Engineering,,39,2018-07-01 00:00:00.000,2026-06-30 23:59:59.000,,1,,,2021-671101,1,Y
*,MQA/SP/0130/11,Skills Programme: Tailings Dam Operations,,28,2011-04-11 00:00:00.000,2015-04-15 00:00:00.000,,1,,,2021-711201,0,Y
*,MQA/SP/0131/11,Skills Programme : Secondary Sample Preparation in an Analytical Laboratory,,15,2018-07-01 00:00:00.000,2026-06-30 23:59:59.000,,1,,,2021-134902,0,Y
*,MQA/SP/0132/11,Skills Programme: Maintain a conveyor belt system in the mining and minerals sector,,31,2018-07-01 00:00:00.000,2026-06-30 23:59:59.000,,1,,,2021-711101,3,Y
*,MQA/SP/0133/12,Skills Programme: Operate Mobile Machinery for Surface Excavation Operations,,18,2012-05-15 00:00:00.000,2013-10-01 00:00:00.000,,1,,,,6,Y
*,MQA/SP/0134/12,Skills Programme: Lamproom Assistant,,34,2018-07-01 00:00:00.000,2026-06-30 23:59:59.000,,1,,,2021-432105,4,Y
*,MQA/SP/0135/12,Skills Programme: Lamproom Gas Bay Attendant,,19,2018-07-01 00:00:00.000,2026-06-30 23:59:59.000,,1,,,2021-432105,3,Y
*,MQA/SP/0136/12,Skills Programme: Lamproom Shift Supervisor,,28,2018-07-01 00:00:00.000,2026-06-30 23:59:59.000,,1,,,2021-432105,9,Y
*,MQA/SP/0137/12,Skills Programme: Gold Leaching,,18,2018-07-01 00:00:00.000,2026-06-30 23:59:59.000,,1,,,2021-711201,0,Y
*,MQA/SP/0138/12,Skills Programme: Platinum Group Metals Separation Process Operations,,17,2018-07-01 00:00:00.000,2026-06-30 23:59:59.000,,1,,,2021-711201,0,Y
*,MQA/SP/0139/12,Skills Programme: Lamproom Equipment Repairer,,24,2018-07-01 00:00:00.000,2026-06-30 23:59:59.000,,1,,,2021-432105,4,Y
*,MQA/SP/0066/08 A,Skills Programme: Operate Mining Machinery in an Underground Coal Mine: Cut a coalface using an arc wall type coalcutter in an underground coal mine,,29,2018-07-01 00:00:00.000,2026-06-30 23:59:59.000,,1,,,,0,Y
*,MQA/SP/0066/08 B,Skills Programme: Operate mobile machinery in an underground coal mine: Place and operate and auxiliary fan in an underground coal mine,,38,2018-07-01 00:00:00.000,2026-06-30 23:59:59.000,,1,,,,0,Y
*,MQA/SP/0066/08 C,Skills Programme: Operate mining machinery in an underground coal mine: Operate a belt conveyor unit to convey coal in an underground coal mine,,27,2018-07-01 00:00:00.000,2026-06-30 23:59:59.000,,1,,,,0,Y
*,MQA/SP/0066/08 D,Skills Programme: Operate mining machinery in an underground coal mine: Deliver compressed air using a mobile compressor in an underground coal mine,,28,2018-07-01 00:00:00.000,2026-06-30 23:59:59.000,,1,,,,0,Y
*,MQA/SP/0066/08 E,Skills Programme: Operate mining machinery in an underground coal mine: Cut and load coalsurface using a continuous miner in an underground coal mine,,53,2018-07-01 00:00:00.000,2026-06-30 23:59:59.000,,1,,,,0,Y
*,MQA/SP/0066/08 F,Skills Programme: Operate mining machinery in an underground coal mine: Operate a locomotive underground,,33,2018-07-01 00:00:00.000,2026-06-30 23:59:59.000,,1,,,,0,Y
*,MQA/SP/0066/08 G,"Skills Programme: Operate mining machinery in an underground coal mine: Transport personnel, material or equipment using approved self-propelled mobile machines in an underground coal mine",,37,2018-07-01 00:00:00.000,2026-06-30 23:59:59.000,,1,,,,0,Y
*,MQA/SP/0066/08 H,Skills Programme: Operate mining machinery in an underground coal mine: Feed and break coal using a feeder breaker in an underground coal mine,,28,2018-07-01 00:00:00.000,2026-06-30 23:59:59.000,,1,,,,0,Y
*,MQA/SP/0066/08 J,Skills Programme: Operate mining machinery in an underground coal mine: Load coal using a gathering arm loader in an underground coal mine,,32,2018-07-01 00:00:00.000,2026-06-30 23:59:59.000,,1,,,,0,Y
*,MQA/SP/0066/08 K,Skills Programme: Operate mining machinery in an underground coal mine: Drill a work face using a hand held drilling equipment in an underground coal mine,,29,2018-07-01 00:00:00.000,2026-06-30 23:59:59.000,,1,,,,0,Y
*,MQA/SP/0066/08 L,Skills Programme: Operate mining machinery in an underground coal mine: Drill holes using a hand held rock drill in an underground coal mine,,29,2018-07-01 00:00:00.000,2026-06-30 23:59:59.000,,1,,,,0,Y
*,MQA/SP/0066/08 M,Skills Programme: Operate mining machinery in an underground coal mine: Transport material and equipment using a load haul dumper in an underground coal mine,,38,2018-07-01 00:00:00.000,2026-06-30 23:59:59.000,,1,,,,0,Y
*,MQA/SP/0066/08 N,Skills Programme: Operate mining machinery in an underground coal mine: Drill a coalface using mobile drilling equipment in an underground coal mine,,33,2018-07-01 00:00:00.000,2026-06-30 23:59:59.000,,1,,,,0,Y
*,MQA/SP/0066/08 P,Skills Programme: Operate mining machinery in an underground coal mine: Pump water using pumping equipment in an underground coal mine,,28,2018-07-01 00:00:00.000,2026-06-30 23:59:59.000,,1,,,,0,Y
*,MQA/SP/0066/08 Q,Skills Programme: Operate mining machinery in an underground coal mine: Support roof using a roof bolt machine in an underground coal mine,,38,2018-07-01 00:00:00.000,2026-06-30 23:59:59.000,,1,,,,0,Y
*,MQA/SP/0066/08 R,Skills Programme: Operate mining machinery in an underground coal mine: Transport coal using shuttle mining equipment in an underground coal mine,,33,2018-07-01 00:00:00.000,2026-06-30 23:59:59.000,,1,,,,0,Y
*,MQA/SP/0066/08 S,Skills Programme: Operate mining machinery in an underground coal mine: Apply stone dust using stone dusting equipment in an underground coal mine,,33,2018-07-01 00:00:00.000,2026-06-30 23:59:59.000,,1,,,,0,Y
*,MQA/SP/0066/08 T,Skills Programme: Operate mining machinery in an underground coal mine: Cut a coalface using a universal type coalcutter in an underground coal mine,,38,2018-07-01 00:00:00.000,2026-06-30 23:59:59.000,,1,,,,0,Y
*,Demonstration ,Demonstrtion ,,0,2012-01-01 00:00:00.000,2015-05-01 00:00:00.000,,1,,,,0,Y
*,Artisan Demonstration 001,Demonstration of Atisan Development,,0,2012-01-01 00:00:00.000,2016-05-01 00:00:00.000,,1,,,,0,Y
*,MQA/SP/0140/13,Skills Programme: Artisan Aide: Fitting including Machinery,,61,2018-07-01 00:00:00.000,2026-06-30 23:59:59.000,,1,,,2021-653303,10,Y
*,MQA/SP/0141/13,Skills Programme: Artisan Aide: Diesel Mechanic,,54,2018-07-01 00:00:00.000,2026-06-30 23:59:59.000,,1,,,2021-653306,10,Y
*,MQA/SP/0142/13,Skills Programme: Artisan Aide: Plater Welder,,39,2018-07-01 00:00:00.000,2026-06-30 23:59:59.000,,1,,,2021-651202,10,Y
*,MQA/SP/0143/13,Skills Programme: Artisan Aide: Measurement Control and Instrumentation,,47,2018-07-01 00:00:00.000,2026-06-30 23:59:59.000,,1,,,2021-672105,10,Y
*,MQA/SP/0145/13,Skills Programme: Artisan Aide: Electrical,,67,2018-07-01 00:00:00.000,2026-06-30 23:59:59.000,,1,,,2021-671101,10,Y
*,MQA/SP/0144/13,Skills Programme: Artisan Aide: Rigger Ropesman,,54,2018-07-01 00:00:00.000,2026-06-30 23:59:59.000,,1,,,2021-651501,10,Y
*,MQA/SP/0146/13,Skills Programme: The separation of precious metals by means of the fire assay technique,,19,2018-07-01 00:00:00.000,2026-06-30 23:59:59.000,,1,,,2021-134902,0,Y
*,MQA/SP/0147/13,Skills Programme: Preparation of Samples and Instrumental Analysis,,40,2018-07-01 00:00:00.000,2026-06-30 23:59:59.000,,1,,,2021-134902,14,Y
*,MQA/SP/0148/13,Skills Programme: Operate Mobile Machinery for Surface Excavation Operations,,18,2018-07-01 00:00:00.000,2019-04-25 00:00:00.000,,1,,,2021-684202,6,Y
*,MQA/SP/0149/13,Skills Programme: The control of explosives magazines on mines and quarries,,10,2018-07-01 00:00:00.000,2026-06-30 23:59:59.000,,1,,,2021-312102,0,Y
*,MQA/SP/0150/13,Skills Programme: Crushing and Screening,,32,2015-07-01 00:00:00.000,2018-01-18 00:00:00.000,,1,,,2021-312102,20,Y
*,MQA/SP/0151/13,Skills Programme: Monitor and Operate Plant and Equipment,,33,2018-07-01 00:00:00.000,2026-06-30 23:59:59.000,,1,,,2021-312101,15,Y
*,MQA/SP/0152/13,Skills Programme: Milling Operations,,39,2018-07-01 00:00:00.000,2026-06-30 23:59:59.000,,1,,,2021-312102,9,Y
*,MQA/SP/0153/14,Skills Programme: Diamond Processing: Bottom Operations: Blocking,,31,2018-07-01 00:00:00.000,2026-06-30 23:59:59.000,,1,,,2021-312102,0,Y
*,MQA/SP/0154/14,Skills Programme: Diamond Processing: Bottom Operations: Halves,,26,2018-07-01 00:00:00.000,2026-06-30 23:59:59.000,,1,,,2021-661302,0,Y
*,MQA/SP/0155/14,Skills Programme: Diamond Processing: Bottom Operations: Lapping,,29,2018-07-01 00:00:00.000,2026-06-30 23:59:59.000,,1,,,2021-661302,0,Y
*,MQA/SP/0156/14,Skills Programme:  Packing Plant Unitising Operations,,35,2018-07-01 00:00:00.000,2026-06-30 23:59:59.000,,1,,,2021-312102,9,Y
*,MQA/SP/0157/14,Skills Programme: Tanker-Based Bulk Materials Loading,,23,2018-07-01 00:00:00.000,2026-06-30 23:59:59.000,,1,,,2021-312102,9,Y
*,MQA/SP/0158/14,Skills Programme: Tailings Dam Operations,,16,2015-07-01 00:00:00.000,2016-04-13 00:00:00.000,,1,,,,0,Y
*,MQA/SP/0159/15,Skills Programme: Copper Metal Production Process Operator,,23,2018-07-01 00:00:00.000,2026-06-30 23:59:59.000,,1,,,,12,Y
*,MQA/SP/0610/15,Skills Programme: Base Metals Process Controller,,21,2018-07-01 00:00:00.000,2024-06-30 00:00:00.000,,1,,,,0,Y
*,MQA/SP/0160/15,Skills Programme: Base Metal Process Controller,,36,2018-07-01 00:00:00.000,2026-06-30 23:59:59.000,,1,,,,15,Y
*,MQA/SP/0161/15,Skills Programme: Platinum Group Metals Process controller,,36,2018-07-01 00:00:00.000,2026-06-30 23:59:59.000,,1,,,,15,Y
*,MQA/SP/0162/16,Skills Programme: Competent person B: The Installation and Maintenance of any Support Unit and the removal of a Temporary Support Unit in Underground Hard Rock Operations (V5) ,,16,2018-07-01 00:00:00.000,2026-06-30 23:59:59.000,,1,,,,3,Y
*,MQA/SP/0163/16,Skills Programme: Operation of Medium Voltage Switchgear and Distribution Networks (V2),,31,2018-07-01 00:00:00.000,2026-06-30 23:59:59.000,,1,,,,7,Y
*,MQA/SP/0164/16,Skills Programme: Tailings Dam Operations (V2),,16,2018-07-01 00:00:00.000,2026-06-30 23:59:59.000,,1,,,,0,Y
*,MQA/SP/0165/16,Skills Programme: Advanced Generic Management (Version 4),,57,2018-07-01 00:00:00.000,2026-06-30 23:59:59.000,,1,,,,0,Y
*,MQA/SP/0166/16,Skills Programme: Basic Generic Supervision (Version 3),,36,2018-07-01 00:00:00.000,2026-06-30 23:59:59.000,,1,,,,0,Y
*,MQA/SP/0167/16,Skills Programme: Intermediate Generic Management (Version 4),,42,2018-07-01 00:00:00.000,2026-06-30 23:59:59.000,,1,,,,0,Y
*,MQA/SP/0168/17 A,"Skills Programme: Competent person B: The Installation, Maintenance and Removal of Support in Underground Coal Mining Operations: Timber Support V3",,17,2018-07-01 00:00:00.000,2026-06-30 00:00:00.000,,1,,,,0,Y
*,MQA/SP/0168/17 C,"Skills Programme: Competent person B: The Installation, Maintenance and Removal of Support in Underground Coal Mining Operations: Compressed air/Hydraulic Support V3",,18,2018-07-01 00:00:00.000,2026-06-30 00:00:00.000,,1,,,,0,Y
*,MQA/SP/0168/17 B,"Skills Programme: Competent person B: The Installation, Maintenance and Removal of Support in Underground Coal Mining Operations: Roofbolter Machine Support V3",,28,2018-07-01 00:00:00.000,2026-06-30 00:00:00.000,,1,,,,0,Y
*,MQA/SP/0169/17,Skills Programme: Gases and Gas Testing in Surface Excavations (Coal),,22,2018-07-01 00:00:00.000,2026-06-30 23:59:59.000,,1,,,,0,Y
*,MQA/SP/0170/17,Skills Programme: Emergency Based Care (First Aid),,5,2018-07-01 00:00:00.000,2026-06-30 23:59:59.000,,1,,,,0,Y
*,MQA/SP/0171/17,Skills Programme: Crushing and Screening (V3),,32,2018-07-01 00:00:00.000,2026-06-30 23:59:59.000,,1,,,,20,Y
*,MQA/SP/0172/17 A,Skills Programme: Crushing (Version 3),,111,2017-11-21 00:00:00.000,2024-07-30 23:59:59.000,,1,,,,94,Y
*,MQA/SP/0172/17 B,Skills Programme: Crushing (Version 3),,12,2017-11-21 00:00:00.000,2018-03-14 00:00:00.000,,1,,,,0,Y
*,MQA/SP/0173/17,Skills Programme: Trackless Mobile Machine Operations - Underground Hardrock (V5),,26,2018-07-01 00:00:00.000,2022-06-06 00:00:00.000,,1,,,,7,Y
*,MQA/SP/0172/17,Skills Programme: Crushing (Version 3) ,,12,2018-07-01 00:00:00.000,2026-06-30 23:59:59.000,,1,,,,4,Y
*,MQA/SP/0140/13 (V2),Skills Programme: Artisan Aide: Fitting including Machinery (V2),,61,2018-07-01 00:00:00.000,2025-06-30 23:59:59.000,,1,,,2021-653303,10,Y
*,MQA/SP/0011/09 (A),Skills Programme: Handling of Chemicals (Version 2),,11,2018-07-01 00:00:00.000,2026-06-30 23:59:59.000,,1,,,,2,Y
*,MQA/SP/0011/09 (B),Skills Programme: Handling of Chemicals (Version 2),,11,2018-07-01 00:00:00.000,2026-06-30 23:59:59.000,,1,,,,2,Y
*,MQA/SP/0011/09 (C),Skills Programme: Handling of Chemicals (Version 2),,11,2018-07-01 00:00:00.000,2026-06-30 23:59:59.000,,1,,,,1,Y
*,MQA/SP/0011/09 (D) ,Skills Programme: Handling of Chemicals (Version 2),,11,2018-07-01 00:00:00.000,2026-06-30 23:59:59.000,,1,,,,2,Y
*,MQA/SP/0011/09 (E) ,Skills Programme: Handling of Chemicals (Version 2),,11,2018-07-01 00:00:00.000,2026-06-30 23:59:59.000,,1,,,,2,Y
*,MQA/SP/0011/09 (F) ,Skills Programme: Handling of Chemicals (Version 2),,11,2018-07-01 00:00:00.000,2026-06-30 23:59:59.000,,1,,,,2,Y
*,MQA/SP/0011/09 (G) ,Skills Programme: Handling of Chemicals (Version 2),,11,2018-07-01 00:00:00.000,2026-06-30 23:59:59.000,,1,,,,2,Y
*,MQA/SP/0174/18,Skill Programme: Surface Fire Responder for Mines,,20,2018-07-01 00:00:00.000,2026-06-30 23:59:59.000,,1,,,,2,Y
*,MQA/SP/0175/18 (A),"Competent Person A - The examination, making safe and declaring safe of surface mines, quarries, dumps and stockpiles (non - blasted) ",,23,2018-09-04 00:00:00.000,2025-06-30 23:59:59.000,,1,,,,2,Y
*,MQA/SP/0175/18 (B),"Competent Person A - The examination, making safe and declaring safe of surface mines, quarries, dumps and stockpiles (Blasted) ",,28,2018-09-04 00:00:00.000,2025-06-30 23:59:59.000,,1,,,,2,Y
*,MQA/SP/0176/19,"Skills Programme: Operate, Clean and Maintain Conveyor Belts",,12,2019-04-17 00:00:00.000,2026-06-30 23:59:59.000,,1,,,,0,Y
*,MQA/SP/0144/13 (V2),Skills Programme: Artisan Aide: Rigger Ropesman (V2),,58,2019-04-17 00:00:00.000,2025-06-30 23:59:59.000,,1,,,,10,Y
*,MQA/SP/0177/19,Skills Programme: Operate Mobile Machinery for Surface Excavation Operations (V5),,18,2019-04-17 00:00:00.000,2021-03-04 00:00:00.000,,1,,,,6,Y
*,MQA/SP/0178/20,"Skills Programme: Competent Person B:The installation, maintenance and removal of support units in Surface Mines and Quarries (V2)",,30,2020-02-04 00:00:00.000,2026-06-30 23:59:59.000,,1,,,,2,Y
*,MQA/SP/0180/20,Skills Programme: Competent Person A:The Examination and Declaring Safe of a Workplace in Underground Coal Operations (wall mining) V3,,27,2020-09-18 00:00:00.000,2026-06-30 23:59:59.000,,1,,,,1,Y
*,MQA/SP/0179/20,Skills Programme: Competent Person A: The Examination and Declaring Safe of a Workplace in Underground Coal Operations (Continuous & Conventional mining) V3,,29,2020-09-18 00:00:00.000,2026-06-30 23:59:59.000,,1,,,,1,Y
*,MQA/SP/0181/21,Skills Programme: Basic Hazard Identification and Risk assessment in Mining Operations,,7,2021-02-23 00:00:00.000,2026-06-30 23:59:59.000,,1,,,,0,Y
*,MQA/SP/0182/21,Skills Programme: High Wall Awareness in Surface Excavations,,7,2021-02-23 00:00:00.000,2026-06-30 23:59:59.000,,1,,,,0,Y
*,MQA/SP/0183/21,Skills Programme: Basic Fire Fighting and response to liberated gases in Surface Excavations ,,8,2021-02-23 00:00:00.000,2026-06-30 23:59:59.000,,1,,,,0,Y
*,MQA/SP/0177/19 (A),Skills Programme: Operate Mobile Machinery for Surface Excavation Operations: Dozing,,18,2021-02-23 00:00:00.000,2026-06-30 23:59:59.000,,1,,,,6,Y
*,MQA/SP/0177/19 (B),Skills Programme: Operate Mobile Machinery for Surface Excavation Operations: Drilling,,17,2021-02-23 00:00:00.000,2026-06-30 23:59:59.000,,1,,,,5,Y
*,MQA/SP/0177/19 (C),Skills Programme: Operate Mobile Machinery for Surface Excavation Operations: Excavating,,25,2021-02-23 00:00:00.000,2026-06-30 23:59:59.000,,1,,,,13,Y
*,MQA/SP/0177/19 (D),Skills Programme: Operate Mobile Machinery for Surface Excavation Operations: Grader,,30,2021-02-23 00:00:00.000,2026-06-30 23:59:59.000,,1,,,,4,Y
*,MQA/SP/0177/19 (E),Skills Programme: Operate Mobile Machinery for Surface Excavation Operations: Haul and Dump,,27,2021-02-23 00:00:00.000,2026-06-30 23:59:59.000,,1,,,,4,Y
*,MQA/SP/0177/19 (F),Skills Programme: Operate Mobile Machinery for Surface Excavation Operations: Services,,18,2021-02-23 00:00:00.000,2026-06-30 23:59:59.000,,1,,,,10,Y
*,MQA/SP/0142/13 (V2),Skills Programme: Artisan Aide: Plater Welder (V2),,42,2018-07-01 00:00:00.000,2025-06-30 23:59:59.000,,1,,,2021-651202,10,Y
*,MQA/SP/0126/10 (V2),Skills Programme: Gases and Gas Testing in Underground Fiery (Coal) Mines,,38,2021-07-14 00:00:00.000,2025-06-30 23:59:59.000,,1,,,,0,Y
*,MQA/SP/0043/05 (V4),Skills Programme: Blasting Assistant Operations in Underground Coal Mines,,47,2021-07-14 00:00:00.000,2025-06-30 23:59:59.000,,1,,,,0,Y
*,MQA/SP/0127/10 (V2),Skills Programme: Flameproofing in Underground Fiery (Coal) Mines,,20,2021-07-14 00:00:00.000,2024-06-30 00:00:00.000,,1,,,,0,Y
*,MQA/SP/0168/17 A (V4),"Skills Programme: Competent person B: The Installation, Maintenance and Removal of Support in Underground Coal Mining Operations: Timber Support ",,17,2021-07-14 00:00:00.000,2026-06-30 00:00:00.000,,1,,,,0,Y
*,MQA/SP/0168/17 B (V4),"Skills Programme: Competent person B: The Installation, Maintenance and Removal of Support in Underground Coal Mining Operations: Roofbolter Machine Support ",,28,2021-07-14 00:00:00.000,2026-06-30 00:00:00.000,,1,,,,0,Y
*,MQA/SP/0168/17 C (V4),"Skills Programme: Competent person B: The Installation, Maintenance and Removal of Support in Underground Coal Mining Operations: Compressed air/Hydraulic Support ",,18,2021-07-14 00:00:00.000,2026-06-30 00:00:00.000,,1,,,,0,Y
*,MQA/SP/0177/19 (F) V2,Skills Programme: Operate Mobile Machinery for Surface Excavation Operations: Services ,,18,2021-07-14 00:00:00.000,2025-06-30 23:59:59.000,,1,,,,6,Y
*,MQA/SP/0152/13 (V7),Skills Programme: Milling Operations ,,39,2021-07-14 00:00:00.000,2025-06-30 23:59:59.000,,1,,,,9,Y
*,MQA/SP/0029/09 (V4),Skills Programmes: Ore Reception,,10,2021-07-14 00:00:00.000,2025-06-30 23:59:59.000,,1,,,,2,Y
*,MQA/SP/0184/21,Skills Programme: Rescue Team Member,,26,2021-07-14 00:00:00.000,2026-06-30 23:59:59.000,,1,,,,0,Y
*,MQA/SP/0185/21 A,Skills Programme: Mechanical Aide: Service and Maintenance ,,34,2021-07-14 00:00:00.000,2025-06-30 23:59:59.000,,1,,,,0,Y
*,MQA/SP/0185/21 B,Skills Programme: Mechanical Aide: Cooling System,,30,2021-07-14 00:00:00.000,2025-06-30 23:59:59.000,,1,,,,0,Y
*,MQA/SP/0185/21 C,Skills Programme: Mechanical Aide: Basic Hydraulics,,34,2021-07-14 00:00:00.000,2025-06-30 23:59:59.000,,1,,,,0,Y
*,MQA/SP/0185/21 D,Skills Programme: Mechanical Aide: Lubrication System,,29,2021-07-14 00:00:00.000,2025-06-30 23:59:59.000,,1,,,,0,Y
*,MQA/SP/0186/21,Skills Programme: Underground Hard Rock: Track Bound Loader Operator,,34,2021-07-14 00:00:00.000,2026-06-30 23:59:59.000,,1,,,,0,Y
*,MQA/SP/0187/21,Skills Programme: Track Bound Locomotive Operator: Underground Hardrock,,27,2021-07-14 00:00:00.000,2026-06-30 23:59:59.000,,1,,,,0,Y
*,MQA/SP/0188/21,Skills Programme: Construction in an Underground Hard Rock Mine: Development and Stopping,,37,2021-07-14 00:00:00.000,2026-06-30 23:59:59.000,,1,,,,0,Y
*,MQA/SP/0189/21,Skills Programme: Underground Hard Rock: Double Drum Winch Operator,,31,2021-07-14 00:00:00.000,2026-06-30 23:59:59.000,,1,,,,0,Y
*,MQA/SP/0190/22 (A),Skills Programme: Trackless Mobile Machine Operations - Underground Hardrock Diesel Powered Quadro Cycle,,21,2022-01-20 00:00:00.000,2026-06-30 23:59:59.000,,1,,,,0,Y
*,MQA/SP/0190/22 (B),Skills Programme: Trackless Mobile Machine Operations - Underground Hardrock Diesel Powered Tractor,,22,2022-01-20 00:00:00.000,2026-06-30 23:59:59.000,,1,,,,0,Y
*,MQA/SP/0190/22 (C),Skills Programme: Trackless Mobile Machine Operations - Underground Hardrock Dozer,,25,2022-01-20 00:00:00.000,2026-06-30 23:59:59.000,,1,,,,6,Y
*,MQA/SP/0190/22 (D),Skills Programme: Trackless Mobile Machine Operations - Underground Hardrock Drill Rig,,27,2022-01-20 00:00:00.000,2026-06-30 23:59:59.000,,1,,,,8,Y
*,MQA/SP/0190/22 (E),Skills Programme: Trackless Mobile Machine Operations - Underground Hardrock Dump Truck,,22,2022-01-20 00:00:00.000,2026-06-30 23:59:59.000,,1,,,,0,Y
*,MQA/SP/0190/22 (F),Skills Programme: Trackless Mobile Machine Operations - Underground Hardrock Front End Loader,,35,2022-01-20 00:00:00.000,2026-06-30 23:59:59.000,,1,,,,0,Y
*,MQA/SP/0190/22 (G),Skills Programme: Trackless Mobile Machine Operations - Underground Hardrock Forklift,,22,2022-01-20 00:00:00.000,2026-06-30 23:59:59.000,,1,,,,0,Y
*,MQA/SP/0190/22 (H),Skills Programme: Trackless Mobile Machine Operations - Underground Hardrock Grader,,27,2022-01-20 00:00:00.000,2026-06-30 23:59:59.000,,1,,,,0,Y
*,MQA/SP/0190/22 (I),Skills Programme: Trackless Mobile Machine Operations - Underground Hardrock Light Delivery Vehicle,,21,2022-01-20 00:00:00.000,2026-06-30 23:59:59.000,,1,,,,0,Y
*,MQA/SP/0190/22 (J),Skills Programme: Trackless Mobile Machine Operations - Underground Hardrock Load Haul Dumper (LHD),,23,2022-01-20 00:00:00.000,2026-06-30 23:59:59.000,,1,,,,4,Y
*,MQA/SP/0190/22 (K),Skills Programme: Trackless Mobile Machine Operations - Underground Hardrock Mobile Scaler,,25,2022-01-20 00:00:00.000,2026-06-30 23:59:59.000,,1,,,,0,Y
*,MQA/SP/0190/22 (L),Skills Programme: Trackless Mobile Machine Operations - Underground Hardrock Mobilift,,47,2022-01-20 00:00:00.000,2026-06-30 23:59:59.000,,1,,,,22,Y
*,MQA/SP/0190/22 (M),Skills Programme: Trackless Mobile Machine Operations - Underground Hardrock Mobile Elevating Work Platinum (MEWP),,29,2022-01-20 00:00:00.000,2026-06-30 23:59:59.000,,1,,,,0,Y
*,MQA/SP/0190/22 (N),Skills Programme: Trackless Mobile Machine Operations - Underground Hardrock Rigid Rear Body Dumper,,21,2022-01-20 00:00:00.000,2026-06-30 23:59:59.000,,1,,,,0,Y
*,MQA/SP/0190/22 (O),Skills Programme: Trackless Mobile Machine Operations - Underground Hardrock Roofbolter,,24,2022-01-20 00:00:00.000,2026-06-30 23:59:59.000,,1,,,,0,Y
*,MQA/SP/0190/22 (P),Skills Programme: Trackless Mobile Machine Operations - Underground Hardrock Secondary Breaker,,22,2022-01-20 00:00:00.000,2026-06-30 23:59:59.000,,1,,,,3,Y
*,MQA/SP/0190/22 (Q),Skills Programme: Trackless Mobile Machine Operations - Underground Hardrock Skid Steer,,23,2022-01-20 00:00:00.000,2026-06-30 23:59:59.000,,1,,,,4,Y
*,MQA/SP/0190/22 (R),Skills Programme: Trackless Mobile Machine Operations - Underground Hardrock Telescopic Boom Handler,,29,2022-01-20 00:00:00.000,2026-06-30 23:59:59.000,,1,,,,0,Y
*,MQA/SP/0190/22 (S),Skills Programme: Trackless Mobile Machine Operations - Underground Hardrock Utility Vehicle,,21,2022-01-20 00:00:00.000,2026-06-30 23:59:59.000,,1,,,,2,Y
*,MQA/SP/0190/22 (T),Skills Programme: Trackless Mobile Machine Operations - Underground Hardrock Water Bowzer,,21,2022-01-20 00:00:00.000,2026-06-30 23:59:59.000,,1,,,,0,Y
*,MQA/SP/0191/22,Skills Programme: Emergency Based Care (First Aid) Risk Based ,,10,2022-03-30 00:00:00.000,2026-06-30 23:59:59.000,,1,,,,0,Y
*,MQA/SP/0192/22,Skills Programme: Emergency Based Care (First Aid) Advanced,,21,2022-03-30 00:00:00.000,2026-06-30 23:59:59.000,,1,,,,0,Y
*,MQA/SP/0170/17 (V2),Skills Programme: Emergency Based Care (First Aid) Basic,,5,2022-03-30 00:00:00.000,2025-06-30 23:59:59.000,,1,,,,0,Y
*,MQA/SP/0025/05 (V1),Skills Programme: Determine the Physical Properties of a Coal Sample in a Laboratory V1,,29,2022-04-20 00:00:00.000,2025-06-30 23:59:59.000,,1,,,,0,Y
*,testskills123,testskill,2,60,2023-01-27 00:00:00.000,2025-01-27 00:00:00.000,629,1,,,,5,Y
*,Test123,test Skills programme,3,100,2023-01-27 00:00:00.000,2026-01-27 00:00:00.000,629,1,,,,10,Y
*,MQA/SP/0124/10 (A),Skills Programme: The handling of explosives in mines: Surface Excavations,2,5,2023-01-30 00:00:00.000,2024-06-30 00:00:00.000,629,1,,,,3,Y
*,MQA/SP/0124/10 (B),Skills Programme: The handling of explosives in mines: Underground Operations,2,5,2023-01-30 00:00:00.000,2024-06-30 00:00:00.000,629,1,,,,3,Y
*,MQA/SP/0193/23,Skills Programme: Flame proofing for Supervisors in Underground Fiery (Coal) Mines,2,14,2023-05-16 00:00:00.000,2026-06-30 23:59:59.000,629,1,21812,,,0,Y
*,SETA/SP/2023/01,Test Mine community programme,6,15,2023-08-04 00:00:00.000,2031-08-04 00:00:00.000,577,3,,,,5,Y
*,SETA/SP/2023/02,Test Small Scale programme,5,15,2023-08-04 00:00:00.000,2028-08-04 00:00:00.000,577,4,,,,5,Y
*,SETA/SP/2023/03,TEST Unemployed youth programme,6,20,2023-08-09 00:00:00.000,2027-08-09 00:00:00.000,577,5,,,,30,Y
*,SETA/SP/2023/05,TEST Unemployed youth programme 2,6,15,2023-08-14 00:00:00.000,2024-08-14 00:00:00.000,629,5,,,,5,Y
*,SETA/SP/2023/08,Test small scale programme 2,8,20,2023-08-16 00:00:00.000,2027-08-16 00:00:00.000,629,4,,,,5,Y
*,SETA/SP/2023/08/16,Test Mine community programme 2,6,10,2023-08-16 00:00:00.000,2027-08-16 00:00:00.000,577,3,,,,2,Y
*,SETA/SP/2023/08/17,Test Unemployed youth development 3,6,20,2023-08-17 00:00:00.000,2027-08-17 00:00:00.000,629,5,,,,5,Y
*,HSP/ASSChs/2/0022,Assistant Chef Skills Programme,2,51,2023-01-09 00:00:00.000,2028-01-09 00:00:00.000,755,5,,,,4,Y
*,49582,Poultry Production,2,30,2018-07-01 00:00:00.000,2024-06-30 00:00:00.000,694,5,,,,15,Y
*,78964,Cellphone Repairs,4,32,2018-07-01 00:00:00.000,2024-06-30 00:00:00.000,756,5,,,,14,Y
*,49052,Plant Production,3,39,2024-03-26 00:00:00.000,2026-03-27 00:00:00.000,694,5,,,,30,Y
*,48977,Mixed Farming Systems,2,120,2018-07-01 00:00:00.000,2024-06-30 00:00:00.000,694,5,,,,2,Y
*,MQA/SP/2013/01,Cellphone Repairs,1,50,2024-04-23 00:00:00.000,2025-04-23 00:00:00.000,629,5,,,,5,Y
*,505854,Cellphone Repairs,1,50,2024-04-23 00:00:00.000,2027-04-23 00:00:00.000,754,5,,,,5,Y
*,SP002,General Forestry,3,33,2024-04-29 00:00:00.000,2026-03-31 00:00:00.000,754,5,,,,33,Y
*,99510,Child and Youth Care,5,48,2024-04-30 00:00:00.000,2026-04-30 00:00:00.000,629,5,,,,47,Y
*,49048,Animal Production,3,30,2024-04-30 00:00:00.000,2026-03-31 00:00:00.000,629,5,,,,30,Y
*,59386,Fresh Meat Processing,4,39,2024-04-05 00:00:00.000,2024-10-18 00:00:00.000,629,5,,,,5,Y
*,2023/601487/07,Technical Support,4,65,2024-04-29 00:00:00.000,2024-12-31 00:00:00.000,629,5,,,,5,Y
*,MQA/SP/2014/19,Technical Support,4,65,2024-04-29 00:00:00.000,2024-12-31 00:00:00.000,629,5,,,,5,Y
*,MQA/SP/2104/18,Systems Development,4,62,2024-04-29 00:00:00.000,2024-12-31 00:00:00.000,629,5,,,,5,Y
*,72052,Renewable Energy,4,0,2024-04-03 00:00:00.000,2024-06-30 00:00:00.000,577,5,,,,0,Y
*,MQA/SP/2025/03,QA SkillsTest,5,120,2025-01-01 00:00:00.000,2027-12-31 00:00:00.000,629,3,,,,10,Y
*,MQA/SP/0052/09 V3,Skills Programme in Milling of Material,1,18,2025-04-14 00:00:00.000,2026-06-30 00:00:00.000,629,1,,,,0,Y
